stock,profit
sh.600036,-736.0498731850748
sh.600036,-851.2030277676458
sh.600755,-14.806500781269278
